{
  "students": [
    {
      "id": 1007,
      "ten_sinh_vien": "Nguyễn Lê Hoài An",
      "ten_nhom": "nhóm 2",
      "ten_de_tai": "bảo mật website bằng Laravel",
      "giao_vien_huong_dan": "Doãn Bá Hùng",
      "email": "hoaian@gmail.com",
      "so_dien_thoai": "0935889203"
    },
    {
      "id": 1008,
      "ten_sinh_vien": "Đoàn Thanh Diệu Phúc",
      "ten_nhom": "nhóm 1",
      "ten_de_tai": "xây dựng website bằng spring mvc",
      "giao_vien_huong_dan": "Trần Hoàng Nam",
      "email": "dieuphuc@gmail.com",
      "so_dien_thoai": "0963848394"
    },
    {
      "id": 1009,
      "ten_sinh_vien": "Lê Hoàng Thanh Minh",
      "ten_nhom": "nhóm 3",
      "ten_de_tai": "Sử dụng Azure Microsoft để xây dựng webservice ",
      "giao_vien_huong_dan": "Hoàng Thanh Sơn",
      "email": "dieuphuc@gmail.com",
      "so_dien_thoai": "0963848394"
    }
  ]
}