{
  "posts": [
    {
      "id": 1,
      "title": "json-server",
      "author": "typicode"
    },
    {
      "id": 2,
      "title": "json-server2",
      "author": "typicode2"
    },
    {
      "id": 3,
      "title": "json-server3",
      "author": "typicode3"
    },
    {
      "id": 4,
      "title": "json-server4",
      "author": "typicode4"
    },
    {
      "id": 5,
      "title": "json-server5",
      "author": "typicode5"
    },
    {
      "id": 6,
      "title": "json-server6",
      "author": "typicode6"
    }
  ],
  "comments": [
    {
      "id": 1,
      "body": "somecomment234@gmail.com",
      "postId": 3
    },
    {
      "id": 3,
      "body": "d",
      "postId": 2
    },
    {
      "id": 4,
      "body": "u",
      "postId": 4
    },
    {
      "id": 5,
      "body": "u",
      "postId": 2
    },
    {
      "id": 6,
      "body": "u",
      "postId": 6
    },
    {
      "id": 7,
      "body": "i",
      "postId": 2
    },
    {
      "id": 8,
      "body": "o",
      "postId": 4
    },
    {
      "id": 9,
      "body": "y",
      "postId": 2
    },
    {
      "id": 10,
      "body": "y",
      "postId": 2
    },
    {
      "id": 11,
      "body": "h",
      "postId": 3
    },
    {
      "id": 12,
      "body": "u",
      "postId": 3
    },
    {
      "id": 13,
      "body": "a@gmail.com",
      "postId": 3
    },
    {
      "id": 14,
      "body": "eee@gmail.com",
      "postId": 4
    },
    {
      "id": 15,
      "body": "wee@gmail.com",
      "postId": 2
    },
    {
      "id": 16,
      "body": "quoc@gmail.com",
      "postId": 2
    },
    {
      "id": 17,
      "body": "aaa@gmail.com",
      "postId": 2
    }
  ],
  "profile": {
    "name": "typicode"
  }
}